Date,Good time to buy,Uncertain - depends,Bad time to buy,Relative,Value_3mon,Value_10yr,spread,USREC
1962-01,,,,,2.7195454545454543,4.083181818181818,1.3636363636363635,0.0
1962-02,,,,,2.7327777777777778,4.039444444444444,1.3066666666666666,0.0
1962-03,,,,,2.723181818181818,3.930454545454545,1.2072727272727273,0.0
1962-04,,,,,2.7295000000000003,3.843,1.1134999999999997,0.0
1962-05,,,,,2.685,3.8736363636363635,1.1886363636363635,0.0
1962-06,,,,,2.728095238095238,3.909047619047619,1.180952380952381,0.0
1962-07,,,,,2.921904761904762,4.014285714285714,1.0923809523809522,0.0
1962-08,,,,,2.8230434782608693,3.9756521739130433,1.152608695652174,0.0
1962-09,,,,,2.7757894736842106,3.978947368421052,1.2031578947368422,0.0
1962-10,,,,,2.7413636363636367,3.9254545454545453,1.1840909090909089,0.0
1962-11,,,,,2.8305263157894736,3.9157894736842107,1.085263157894737,0.0
1962-12,,,,,2.866,3.8645000000000005,0.9985000000000002,0.0
1963-01,,,,,2.908181818181818,3.833636363636364,0.9254545454545454,0.0
1963-02,,,,,2.921111111111111,3.921111111111111,1.0,0.0
1963-03,,,,,2.892857142857143,3.9285714285714284,1.0357142857142858,0.0
1963-04,,,,,2.8976190476190475,3.970952380952381,1.0733333333333335,0.0
1963-05,,,,,2.925,3.93,1.005,0.0
1963-06,,,,,2.9885,3.993,1.0045,0.0
1963-07,,,,,3.1763636363636363,4.0204545454545455,0.8440909090909089,0.0
1963-08,,,,,3.3222727272727273,4.002272727272727,0.6799999999999999,0.0
1963-09,,,,,3.3765,4.0775,0.701,0.0
1963-10,,,,,3.4495652173913043,4.106086956521739,0.6565217391304349,0.0
1963-11,,,,,3.5194117647058825,4.121764705882353,0.6023529411764708,0.0
1963-12,,,,,3.5190476190476194,4.128571428571429,0.6095238095238097,0.0
1964-01,,,,,3.5231818181818184,4.166818181818182,0.6436363636363637,0.0
1964-02,,,,,3.5305555555555554,4.145555555555556,0.615,0.0
1964-03,,,,,3.5438095238095237,4.2195238095238095,0.6757142857142858,0.0
1964-04,,,,,3.4713636363636367,4.232272727272727,0.760909090909091,0.0
1964-05,,,,,3.475,4.2,0.7250000000000001,0.0
1964-06,,,,,3.475454545454546,4.170000000000001,0.6945454545454545,0.0
1964-07,,,,,3.4604545454545454,4.1859090909090915,0.7254545454545457,0.0
1964-08,,,,,3.496666666666667,4.1938095238095245,0.6971428571428573,0.0
1964-09,,,,,3.531904761904762,4.203809523809523,0.671904761904762,0.0
1964-10,,,,,3.5719047619047624,4.188095238095238,0.6161904761904764,0.0
1964-11,,,,,3.643333333333333,4.152777777777778,0.5094444444444446,0.0
1964-12,,,,,3.8350000000000004,4.179545454545455,0.3445454545454547,0.0
1965-01,,,,,3.807,4.189500000000001,0.3825000000000002,0.0
1965-02,,,,,3.9305555555555554,4.211111111111111,0.2805555555555555,0.0
1965-03,,,,,3.9295652173913043,4.210434782608695,0.2808695652173914,0.0
1965-04,,,,,3.9266666666666663,4.203809523809523,0.27714285714285725,0.0
1965-05,,,,,3.8899999999999997,4.2115,0.3215,0.0
1965-06,,,,,3.8045454545454547,4.213181818181819,0.40863636363636396,0.0
1965-07,,,,,3.8352380952380956,4.204761904761905,0.3695238095238096,0.0
1965-08,,,,,3.842727272727273,4.252272727272727,0.40954545454545443,0.0
1965-09,,,,,3.923809523809524,4.29047619047619,0.36666666666666664,0.0
1965-10,,,,,4.026,4.3495,0.32350000000000007,0.0
1965-11,,,,,4.087894736842105,4.448947368421052,0.36105263157894746,0.0
1965-12,,,,,4.382727272727273,4.615454545454546,0.23272727272727264,0.0
1966-01,,,,,4.586666666666666,4.612380952380953,0.025714285714285842,0.0
1966-02,,,,,4.651578947368421,4.832105263157895,0.18052631578947367,0.0
1966-03,,,,,4.5865217391304345,4.8734782608695655,0.28695652173913044,0.0
1966-04,,,,,4.618,4.75,0.13200000000000003,0.0
1966-05,,,,,4.637142857142857,4.7785714285714285,0.14142857142857115,0.0
1966-06,,,,,4.499545454545454,4.8145454545454545,0.315,0.0
1966-07,,,,,4.7975,5.018,0.22050000000000008,0.0
1966-08,,,,,4.96,5.224347826086956,0.2643478260869566,0.0
1966-09,,,,,5.367619047619048,5.182380952380952,-0.18523809523809523,0.0
1966-10,,,,,5.346500000000001,5.0115,-0.33500000000000013,0.0
1966-11,,,,,5.319473684210527,5.155263157894737,-0.16421052631578947,0.0
1966-12,,,,,4.964761904761905,4.842857142857143,-0.12190476190476197,0.0
1967-01,,,,,4.720000000000001,4.579047619047619,-0.1409523809523809,0.0
1967-02,,,,,4.561111111111111,4.626666666666667,0.06555555555555559,0.0
1967-03,,,,,4.259090909090909,4.541818181818182,0.28272727272727266,0.0
1967-04,,,,,3.8375,4.593500000000001,0.756,0.0
1967-05,,,,,3.603181818181818,4.847727272727273,1.2445454545454544,0.0
1967-06,,,,,3.535909090909091,5.0227272727272725,1.4868181818181818,0.0
1967-07,,,,,4.2055,5.159000000000001,0.9535,0.0
1967-08,,,,,4.265652173913043,5.275652173913044,1.0099999999999998,0.0
1967-09,,,,,4.4245,5.3020000000000005,0.8775000000000001,0.0
1967-10,,,,,4.557619047619047,5.480952380952381,0.9233333333333332,0.0
1967-11,,,,,4.727,5.7535,1.0265,0.0
1967-12,,,,,4.968999999999999,5.699,0.73,0.0
1968-01,,,,,4.995909090909091,5.528636363636363,0.5327272727272727,0.0
1968-02,,,,,4.978947368421053,5.563684210526316,0.5847368421052631,0.0
1968-03,,,,,5.1657142857142855,5.74,0.5742857142857144,0.0
1968-04,,,,,5.377000000000001,5.6385,0.26149999999999995,0.0
1968-05,,,,,5.655909090909091,5.869545454545454,0.21363636363636365,0.0
1968-06,,,,,5.5235,5.718,0.1944999999999999,0.0
1968-07,,,,,5.3131818181818184,5.495454545454546,0.18227272727272725,0.0
1968-08,,,,,5.086818181818182,5.420454545454546,0.3336363636363635,0.0
1968-09,,,,,5.194,5.46,0.26600000000000007,0.0
1968-10,,,,,5.351304347826087,5.5826086956521745,0.231304347826087,0.0
1968-11,,,,,5.451666666666666,5.696111111111112,0.24444444444444452,0.0
1968-12,,,,,5.956190476190476,6.031904761904762,0.07571428571428558,0.0
1969-01,,,,,6.140000000000001,6.041818181818181,-0.09818181818181823,0.0
1969-02,,,,,6.121052631578947,6.1889473684210525,0.06789473684210522,0.0
1969-03,,,,,6.0165,6.296,0.27949999999999986,0.0
1969-04,,,,,6.1138095238095245,6.173333333333333,0.05952380952380948,0.0
1969-05,,,,,6.042380952380952,6.323333333333333,0.28095238095238106,0.0
1969-06,,,,,6.439047619047619,6.574285714285715,0.13523809523809519,0.0
1969-07,,,,,7.00047619047619,6.71952380952381,-0.28095238095238095,0.0
1969-08,,,,,6.9819047619047625,6.691428571428572,-0.29047619047619044,0.0
1969-09,,,,,7.089999999999999,7.159523809523809,0.06952380952380961,0.0
1969-10,,,,,6.998636363636364,7.095454545454545,0.09681818181818169,0.0
1969-11,,,,,7.241176470588235,7.144117647058824,-0.09705882352941178,0.0
1969-12,,,,,7.8172727272727265,7.654090909090908,-0.16318181818181826,0.0
1970-01,,,,,7.868095238095238,7.794761904761905,-0.07333333333333333,1.0
1970-02,,,,,7.127777777777778,7.238333333333333,0.11055555555555581,1.0
1970-03,,,,,6.626190476190477,7.072857142857143,0.44666666666666677,1.0
1970-04,,,,,6.512727272727273,7.390909090909091,0.8781818181818182,1.0
1970-05,,,,,6.838095238095238,7.906190476190476,1.0680952380952382,1.0
1970-06,,,,,6.676363636363636,7.841818181818183,1.1654545454545455,1.0
1970-07,,,,,6.45,7.457272727272727,1.0072727272727273,1.0
1970-08,,,,,6.410952380952381,7.527142857142857,1.1161904761904762,1.0
1970-09,,,,,6.124761904761905,7.38952380952381,1.2647619047619048,1.0
1970-10,,,,,5.906666666666667,7.326666666666667,1.42,1.0
1970-11,,,,,5.282222222222222,6.841111111111111,1.558888888888889,1.0
1970-12,,,,,4.865454545454546,6.391363636363636,1.5259090909090909,0.0
1971-01,,,,,4.4350000000000005,6.2385,1.8035,0.0
1971-02,,,,,3.6950000000000003,6.112222222222222,2.417222222222222,0.0
1971-03,,,,,3.3773913043478263,5.7034782608695656,2.3260869565217392,0.0
1971-04,,,,,3.8614285714285717,5.833809523809524,1.9723809523809526,0.0
1971-05,,,,,4.143,6.3925,2.2495000000000003,0.0
1971-06,,,,,4.753636363636364,6.522272727272727,1.7686363636363638,0.0
1971-07,,,,,5.400476190476191,6.729523809523809,1.329047619047619,0.0
1971-08,,,,,4.9354545454545455,6.582727272727272,1.6472727272727274,0.0
1971-09,,,,,4.690952380952381,6.13952380952381,1.4485714285714286,0.0
1971-10,,,,,4.4605263157894735,5.925789473684211,1.4652631578947368,0.0
1971-11,,,,,4.217499999999999,5.8100000000000005,1.5924999999999998,0.0
1971-12,,,,,4.009545454545454,5.926363636363636,1.916818181818182,0.0
1972-01,,,,,3.384285714285714,5.947619047619048,2.5633333333333335,0.0
1972-02,,,,,3.197,6.081,2.884,0.0
1972-03,,,,,3.7295454545454545,6.068636363636363,2.3390909090909093,0.0
1972-04,,,,,3.7055,6.1945,2.489,0.0
1972-05,,,,,3.6877272727272725,6.126363636363636,2.4386363636363635,0.0
1972-06,,,,,3.9136363636363636,6.1068181818181815,2.1931818181818183,0.0
1972-07,,,,,3.9829999999999997,6.113,2.13,0.0
1972-08,,,,,4.018260869565218,6.210434782608695,2.1921739130434785,0.0
1972-09,,,,,4.6605,6.5495,1.889,0.0
1972-10,,,,,4.739,6.4795,1.7405000000000002,0.0
1972-11,,,,,4.7795000000000005,6.2805,1.501,0.0
1972-12,,,,,5.07,6.3585,1.2885,0.0
1973-01,,,,,5.407727272727272,6.464545454545455,1.0568181818181819,0.0
1973-02,,,,,5.599444444444445,6.635555555555555,1.036111111111111,0.0
1973-03,,,,,6.093636363636364,6.709090909090909,0.6154545454545454,0.0
1973-04,,,,,6.263,6.6685,0.40549999999999997,0.0
1973-05,,,,,6.358181818181818,6.847272727272727,0.489090909090909,0.0
1973-06,,,,,7.185238095238095,6.9,-0.2852380952380952,0.0
1973-07,,,,,8.00952380952381,7.130952380952381,-0.8785714285714287,0.0
1973-08,,,,,8.673478260869565,7.404782608695652,-1.268695652173913,0.0
1973-09,,,,,8.285263157894736,7.090526315789473,-1.1947368421052629,0.0
1973-10,,,,,7.217619047619047,6.7942857142857145,-0.42333333333333334,0.0
1973-11,,,,,7.8325000000000005,6.7284999999999995,-1.1039999999999999,0.0
1973-12,,,,,7.453157894736843,6.7436842105263155,-0.7094736842105261,1.0
1974-01,,,,,7.77,6.988636363636363,-0.7813636363636364,1.0
1974-02,,,,,7.123333333333333,6.957222222222223,-0.16611111111111113,1.0
1974-03,,,,,7.961428571428572,7.2090476190476185,-0.7523809523809524,1.0
1974-04,,,,,8.334761904761905,7.512380952380952,-0.8223809523809525,1.0
1974-05,,,,,8.225909090909092,7.57590909090909,-0.65,1.0
1974-06,,,,,7.901999999999999,7.535500000000001,-0.36650000000000016,1.0
1974-07,,,,,7.546818181818182,7.805000000000001,0.2581818181818181,1.0
1974-08,,,,,8.958181818181819,8.04409090909091,-0.9140909090909091,1.0
1974-09,,,,,8.062000000000001,8.0375,-0.024500000000000098,1.0
1974-10,,,,,7.46090909090909,7.8968181818181815,0.4359090909090909,1.0
1974-11,,,,,7.474444444444444,7.681111111111111,0.2066666666666666,1.0
1974-12,,,,,7.151428571428572,7.433809523809523,0.28238095238095234,1.0
1975-01,,,,,6.256363636363636,7.501363636363636,1.245,1.0
1975-02,,,,,5.5,7.392222222222222,1.892222222222222,1.0
1975-03,,,,,5.493,7.728,2.235,1.0
1975-04,,,,,5.61090909090909,8.226818181818182,2.615909090909091,0.0
1975-05,,,,,5.227142857142857,8.05952380952381,2.8323809523809524,0.0
1975-06,,,,,5.342380952380952,7.860952380952382,2.5185714285714287,0.0
1975-07,,,,,6.133636363636364,8.061363636363636,1.927727272727273,0.0
1975-08,,,,,6.441904761904762,8.397619047619047,1.9557142857142857,0.0
1975-09,,,,,6.419047619047619,8.426666666666668,2.007619047619048,0.0
1975-10,,,,,5.956818181818182,8.137727272727274,2.180909090909091,0.0
1975-11,,,,,5.475882352941177,8.052941176470588,2.577058823529412,0.0
1975-12,,,,,5.443181818181818,7.996818181818182,2.5536363636363637,0.0
1976-01,,,,,4.868571428571428,7.742380952380953,2.873809523809524,0.0
1976-02,,,,,4.881111111111111,7.792777777777778,2.9116666666666666,0.0
1976-03,,,,,5.000869565217391,7.734347826086956,2.733478260869565,0.0
1976-04,,,,,4.8566666666666665,7.564285714285714,2.7076190476190476,0.0
1976-05,,,,,5.203,7.8950000000000005,2.692,0.0
1976-06,,,,,5.407727272727272,7.861363636363635,2.4536363636363636,0.0
1976-07,,,,,5.2299999999999995,7.831904761904762,2.6019047619047617,0.0
1976-08,,,,,5.142727272727273,7.768636363636364,2.6259090909090905,0.0
1976-09,,,,,5.083333333333333,7.594285714285713,2.510952380952381,0.0
1976-10,,,,,4.9185,7.411,2.4925,0.0
1976-11,,,,,4.752631578947368,7.291052631578947,2.538421052631579,0.0
1976-12,,,,,4.346363636363637,6.869090909090909,2.522727272727273,0.0
1977-01,,,,,4.617619047619048,7.213333333333333,2.5957142857142856,0.0
1977-02,,,,,4.665263157894737,7.3910526315789475,2.7257894736842103,0.0
1977-03,,,,,4.602608695652174,7.460000000000001,2.857391304347826,0.0
1977-04,,,,,4.5355,7.3705,2.835,0.0
1977-05,,,,,4.956190476190476,7.456666666666667,2.5004761904761903,0.0
1977-06,,,,,5.016363636363637,7.275454545454545,2.2590909090909093,0.0
1977-07,,,,,5.185789473684211,7.330000000000001,2.14421052631579,0.0
1977-08,,,,,5.490869565217391,7.396521739130435,1.9056521739130434,0.0
1977-09,,,,,5.808571428571429,7.343809523809524,1.5352380952380953,0.0
1977-10,,,,,6.16,7.5235,1.3635000000000002,0.0
1977-11,,,,,6.104736842105263,7.577368421052632,1.4726315789473683,0.0
1977-12,,,,,6.0652380952380955,7.685238095238095,1.6199999999999999,0.0
1978-01,66.0,10.0,24.0,142.0,6.440476190476191,7.956190476190477,1.5157142857142856,0.0
1978-02,58.0,23.0,19.0,139.0,6.445555555555555,8.033333333333333,1.5877777777777777,0.0
1978-03,63.0,14.0,23.0,140.0,6.293636363636364,8.03590909090909,1.7422727272727272,0.0
1978-04,67.0,14.0,19.0,148.0,6.286,8.154,1.8680000000000003,0.0
1978-05,63.0,21.0,16.0,147.0,6.408095238095238,8.345714285714285,1.9376190476190476,0.0
1978-06,66.0,14.0,20.0,146.0,6.734090909090909,8.462272727272728,1.7281818181818183,0.0
1978-07,67.0,12.0,21.0,146.0,7.0075,8.64,1.6324999999999998,0.0
1978-08,62.0,21.0,17.0,145.0,7.077826086956521,8.410869565217391,1.3330434782608693,0.0
1978-09,62.0,16.0,22.0,140.0,7.845000000000001,8.416500000000001,0.5715,0.0
1978-10,62.0,14.0,24.0,138.0,7.990952380952381,8.642380952380952,0.6514285714285715,0.0
1978-11,56.0,23.0,21.0,135.0,8.6435,8.805,0.16149999999999967,0.0
1978-12,53.0,17.0,30.0,123.0,9.0765,9.006499999999999,-0.06999999999999958,0.0
1979-01,63.0,13.0,24.0,139.0,9.349545454545455,9.099545454545455,-0.24999999999999983,0.0
1979-02,61.0,16.0,23.0,138.0,9.32388888888889,9.098333333333333,-0.22555555555555587,0.0
1979-03,63.0,12.0,25.0,138.0,9.478181818181818,9.117272727272727,-0.3609090909090911,0.0
1979-04,61.0,12.0,27.0,134.0,9.4605,9.181999999999999,-0.2785,0.0
1979-05,62.0,12.0,26.0,136.0,9.611428571428572,9.252380952380953,-0.35904761904761895,0.0
1979-06,62.0,10.0,28.0,134.0,9.055238095238096,8.913809523809524,-0.1414285714285713,0.0
1979-07,60.0,10.0,30.0,130.0,9.23952380952381,8.95,-0.2895238095238096,0.0
1979-08,58.0,15.0,27.0,131.0,9.520434782608696,9.029565217391305,-0.49086956521739145,0.0
1979-09,62.0,9.0,29.0,133.0,10.263684210526316,9.334736842105263,-0.9289473684210525,0.0
1979-10,58.0,10.0,32.0,126.0,11.701363636363636,10.299090909090909,-1.4022727272727271,0.0
1979-11,53.0,14.0,33.0,120.0,11.792631578947368,10.653157894736841,-1.1394736842105266,0.0
1979-12,52.0,6.0,42.0,110.0,12.0355,10.386,-1.6494999999999997,0.0
1980-01,60.0,7.0,33.0,127.0,11.998181818181818,10.802272727272728,-1.1959090909090906,0.0
1980-02,60.0,14.0,26.0,134.0,12.856315789473685,12.414736842105263,-0.4415789473684212,1.0
1980-03,54.0,8.0,38.0,116.0,15.20095238095238,12.74904761904762,-2.451904761904762,1.0
1980-04,41.0,12.0,47.0,94.0,13.203333333333333,11.473333333333333,-1.73,1.0
1980-05,35.0,7.0,58.0,77.0,8.577142857142857,10.181428571428572,1.6042857142857145,1.0
1980-06,41.0,11.0,48.0,93.0,7.074285714285715,9.778095238095238,2.703809523809524,1.0
1980-07,44.0,16.0,40.0,104.0,8.056363636363637,10.247727272727273,2.191363636363636,1.0
1980-08,47.0,15.0,38.0,109.0,9.129999999999999,11.101904761904763,1.971904761904762,0.0
1980-09,52.0,17.0,31.0,121.0,10.27142857142857,11.508571428571429,1.237142857142857,0.0
1980-10,55.0,13.0,32.0,123.0,11.620454545454546,11.751363636363635,0.13090909090909086,0.0
1980-11,50.0,12.0,38.0,112.0,13.728235294117647,12.68470588235294,-1.043529411764706,0.0
1980-12,45.0,13.0,42.0,103.0,15.49409090909091,12.844090909090909,-2.65,0.0
1981-01,50.0,16.0,34.0,116.0,15.02190476190476,12.568571428571428,-2.4533333333333336,0.0
1981-02,47.0,15.0,38.0,109.0,14.787777777777778,13.194444444444445,-1.5933333333333333,0.0
1981-03,43.0,15.0,42.0,101.0,13.358636363636363,13.115909090909092,-0.2427272727272728,0.0
1981-04,54.0,13.0,33.0,121.0,13.692380952380953,13.67952380952381,-0.012857142857142836,0.0
1981-05,50.0,11.0,39.0,111.0,16.3045,14.0995,-2.205,0.0
1981-06,44.0,16.0,40.0,104.0,14.734090909090908,13.472272727272726,-1.2618181818181817,0.0
1981-07,53.0,12.0,35.0,118.0,14.946363636363635,14.280909090909091,-0.6654545454545455,0.0
1981-08,55.0,13.0,32.0,123.0,15.506190476190476,14.937142857142858,-0.569047619047619,1.0
1981-09,44.0,21.0,35.0,109.0,14.704761904761906,15.323809523809524,0.6190476190476191,1.0
1981-10,52.0,13.0,35.0,117.0,13.543333333333335,15.14809523809524,1.6047619047619048,1.0
1981-11,43.0,13.0,44.0,99.0,10.857222222222223,13.392777777777777,2.535555555555556,1.0
1981-12,44.0,13.0,43.0,101.0,10.84590909090909,13.724545454545455,2.878636363636364,1.0
1982-01,57.0,10.0,33.0,124.0,12.2765,14.594,2.3175,1.0
1982-02,48.0,15.0,37.0,111.0,13.481111111111112,14.425555555555556,0.9444444444444444,1.0
1982-03,48.0,10.0,42.0,106.0,12.67782608695652,13.861304347826087,1.1834782608695655,1.0
1982-04,41.0,17.0,42.0,99.0,12.703333333333333,13.871904761904762,1.1685714285714284,1.0
1982-05,45.0,12.0,43.0,102.0,12.088,13.622499999999999,1.5345,1.0
1982-06,43.0,13.0,44.0,99.0,12.465909090909092,14.299545454545454,1.8336363636363637,1.0
1982-07,48.0,14.0,38.0,110.0,11.349047619047619,13.946190476190477,2.597142857142857,1.0
1982-08,41.0,15.0,44.0,97.0,8.679545454545455,13.055,4.375454545454545,1.0
1982-09,42.0,14.0,44.0,98.0,7.920476190476189,12.33904761904762,4.418571428571429,1.0
1982-10,46.0,14.0,40.0,106.0,7.710500000000001,10.9065,3.196,1.0
1982-11,47.0,11.0,42.0,105.0,8.066315789473684,10.550526315789474,2.4842105263157896,1.0
1982-12,50.0,11.0,39.0,111.0,7.9368181818181816,10.54,2.6031818181818185,0.0
1983-01,51.0,9.0,40.0,111.0,7.856190476190475,10.457142857142857,2.6009523809523807,0.0
1983-02,54.0,9.0,37.0,117.0,8.113684210526316,10.724736842105264,2.6110526315789477,0.0
1983-03,53.0,9.0,38.0,115.0,8.348695652173914,10.506521739130434,2.1578260869565216,0.0
1983-04,61.0,9.0,30.0,131.0,8.212,10.4,2.1879999999999997,0.0
1983-05,67.0,5.0,28.0,139.0,8.191904761904762,10.379999999999999,2.188095238095238,0.0
1983-06,66.0,9.0,25.0,141.0,8.792272727272728,10.848636363636363,2.056363636363636,0.0
1983-07,67.0,9.0,24.0,143.0,9.0805,11.376999999999999,2.2965,0.0
1983-08,64.0,12.0,24.0,140.0,9.343478260869565,11.846086956521738,2.502608695652174,0.0
1983-09,66.0,8.0,26.0,140.0,8.995238095238095,11.653809523809523,2.6585714285714284,0.0
1983-10,65.0,10.0,25.0,140.0,8.635,11.541,2.906,0.0
1983-11,64.0,10.0,26.0,138.0,8.76421052631579,11.690000000000001,2.9257894736842105,0.0
1983-12,61.0,12.0,27.0,134.0,8.996190476190476,11.82952380952381,2.8333333333333335,0.0
1984-01,73.0,9.0,18.0,155.0,8.903333333333332,11.674285714285714,2.770952380952381,0.0
1984-02,70.0,11.0,19.0,151.0,9.087894736842106,11.842105263157896,2.754210526315789,0.0
1984-03,72.0,9.0,19.0,153.0,9.516818181818183,12.319090909090908,2.8022727272727272,0.0
1984-04,71.0,10.0,19.0,152.0,9.693999999999999,12.6335,2.9395,0.0
1984-05,77.0,10.0,13.0,164.0,9.834090909090909,13.408636363636363,3.5745454545454547,0.0
1984-06,67.0,11.0,22.0,145.0,9.868095238095238,13.562857142857142,3.694761904761905,0.0
1984-07,71.0,10.0,19.0,152.0,10.115238095238094,13.362380952380953,3.247142857142857,0.0
1984-08,72.0,9.0,19.0,153.0,10.466521739130433,12.716086956521737,2.249565217391304,0.0
1984-09,72.0,10.0,18.0,154.0,10.368947368421052,12.522631578947369,2.1536842105263156,0.0
1984-10,70.0,10.0,20.0,150.0,9.736363636363636,12.160454545454543,2.424090909090909,0.0
1984-11,67.0,10.0,23.0,144.0,8.608421052631579,11.572631578947368,2.9642105263157896,0.0
1984-12,67.0,9.0,24.0,143.0,8.056999999999999,11.499500000000001,3.4425,0.0
1985-01,73.0,7.0,20.0,153.0,7.756190476190476,11.384285714285713,3.628095238095238,0.0
1985-02,75.0,8.0,17.0,158.0,8.265,11.508888888888889,3.243888888888889,0.0
1985-03,74.0,8.0,18.0,156.0,8.516666666666666,11.855238095238096,3.3385714285714285,0.0
1985-04,77.0,7.0,16.0,161.0,7.946666666666666,11.434761904761904,3.488095238095238,0.0
1985-05,72.0,8.0,20.0,152.0,7.479545454545455,10.84681818181818,3.367272727272727,0.0
1985-06,74.0,9.0,17.0,157.0,6.954000000000001,10.156,3.2020000000000004,0.0
1985-07,74.0,6.0,20.0,154.0,7.082727272727272,10.306818181818182,3.2240909090909096,0.0
1985-08,69.0,14.0,17.0,152.0,7.135,10.331818181818182,3.196818181818182,0.0
1985-09,73.0,9.0,18.0,155.0,7.099473684210525,10.373157894736842,3.2736842105263158,0.0
1985-10,69.0,10.0,21.0,148.0,7.161363636363637,10.236818181818181,3.075454545454545,0.0
1985-11,70.0,10.0,20.0,150.0,7.237368421052631,9.781578947368422,2.5442105263157893,0.0
1985-12,69.0,9.0,22.0,147.0,7.099523809523809,9.25904761904762,2.1595238095238094,0.0
1986-01,80.0,8.0,12.0,168.0,7.073809523809524,9.193809523809524,2.12,0.0
1986-02,78.0,8.0,14.0,164.0,7.064210526315789,8.704210526315789,1.64,0.0
1986-03,75.0,10.0,15.0,160.0,6.5605,7.778499999999999,1.2179999999999997,0.0
1986-04,75.0,10.0,15.0,160.0,6.056363636363637,7.29909090909091,1.242727272727273,0.0
1986-05,75.0,8.0,17.0,158.0,6.15,7.70952380952381,1.5595238095238095,0.0
1986-06,81.0,8.0,11.0,170.0,6.2090476190476185,7.7995238095238095,1.5904761904761904,0.0
1986-07,79.0,7.0,14.0,165.0,5.828636363636363,7.303181818181818,1.4745454545454544,0.0
1986-08,77.0,7.0,16.0,161.0,5.527142857142857,7.1657142857142855,1.6385714285714283,0.0
1986-09,76.0,9.0,15.0,161.0,5.20952380952381,7.447619047619048,2.238095238095238,0.0
1986-10,76.0,10.0,14.0,162.0,5.179545454545455,7.426363636363636,2.246818181818182,0.0
1986-11,72.0,11.0,17.0,155.0,5.349444444444445,7.250555555555555,1.901111111111111,0.0
1986-12,75.0,8.0,17.0,158.0,5.528181818181818,7.112727272727272,1.5845454545454545,0.0
1987-01,72.0,8.0,20.0,152.0,5.427,7.0845,1.6575,0.0
1987-02,73.0,7.0,20.0,153.0,5.593684210526316,7.2505263157894735,1.656842105263158,0.0
1987-03,71.0,10.0,19.0,152.0,5.591818181818182,7.248636363636364,1.656818181818182,0.0
1987-04,74.0,10.0,16.0,158.0,5.636190476190476,8.022857142857143,2.3866666666666667,0.0
1987-05,76.0,9.0,15.0,161.0,5.66,8.613,2.9530000000000003,0.0
1987-06,76.0,9.0,15.0,161.0,5.668181818181818,8.402272727272727,2.734090909090909,0.0
1987-07,76.0,10.0,14.0,162.0,5.692272727272727,8.44681818181818,2.7545454545454544,0.0
1987-08,74.0,9.0,17.0,157.0,6.036190476190477,8.76047619047619,2.724285714285714,0.0
1987-09,75.0,12.0,13.0,162.0,6.398095238095239,9.421904761904763,3.0238095238095237,0.0
1987-10,69.0,11.0,20.0,149.0,6.133333333333334,9.520000000000001,3.3866666666666667,0.0
1987-11,66.0,10.0,24.0,142.0,5.6947368421052635,8.860526315789473,3.1657894736842103,0.0
1987-12,69.0,9.0,22.0,147.0,5.767727272727273,8.987727272727271,3.22,0.0
1988-01,72.0,10.0,18.0,154.0,5.813684210526316,8.66578947368421,2.8521052631578945,0.0
1988-02,72.0,11.0,17.0,155.0,5.6605,8.212,2.5515,0.0
1988-03,71.0,14.0,15.0,156.0,5.70304347826087,8.373478260869565,2.670434782608696,0.0
1988-04,73.0,8.0,19.0,154.0,5.907,8.7185,2.8115,0.0
1988-05,79.0,7.0,14.0,165.0,6.257142857142857,9.08904761904762,2.8319047619047617,0.0
1988-06,74.0,15.0,11.0,163.0,6.459545454545454,8.921363636363637,2.461818181818182,0.0
1988-07,79.0,9.0,12.0,167.0,6.7284999999999995,9.056000000000001,2.3274999999999997,0.0
1988-08,74.0,12.0,14.0,160.0,7.062608695652174,9.260434782608696,2.1978260869565216,0.0
1988-09,71.0,15.0,14.0,157.0,7.23952380952381,8.977142857142857,1.7376190476190476,0.0
1988-10,73.0,12.0,15.0,158.0,7.3485,8.7955,1.4469999999999996,0.0
1988-11,73.0,10.0,17.0,156.0,7.76,8.9625,1.2025000000000001,0.0
1988-12,70.0,10.0,20.0,150.0,8.067142857142857,9.105714285714285,1.0385714285714287,0.0
1989-01,78.0,9.0,13.0,165.0,8.266,9.0915,0.8255000000000001,0.0
1989-02,71.0,12.0,17.0,154.0,8.530526315789475,9.168947368421053,0.6384210526315789,0.0
1989-03,72.0,12.0,16.0,156.0,8.815454545454545,9.357727272727272,0.5422727272727274,0.0
1989-04,75.0,8.0,17.0,158.0,8.647,9.1755,0.5284999999999997,0.0
1989-05,73.0,11.0,16.0,157.0,8.433181818181819,8.85909090909091,0.4259090909090913,0.0
1989-06,71.0,13.0,16.0,155.0,8.151363636363637,8.277272727272727,0.1259090909090906,0.0
1989-07,71.0,10.0,19.0,152.0,7.883,8.0185,0.13550000000000012,0.0
1989-08,73.0,10.0,17.0,156.0,7.899565217391304,8.112608695652174,0.21304347826086936,0.0
1989-09,75.0,11.0,14.0,161.0,7.7505,8.1905,0.4400000000000001,0.0
1989-10,73.0,10.0,17.0,156.0,7.63952380952381,8.007619047619048,0.36809523809523814,0.0
1989-11,67.0,12.0,21.0,146.0,7.687619047619047,7.8742857142857146,0.18666666666666668,0.0
1989-12,65.0,10.0,25.0,140.0,7.626,7.836,0.21000000000000002,0.0
1990-01,77.0,10.0,13.0,164.0,7.642857142857143,8.206666666666667,0.5638095238095236,0.0
1990-02,74.0,9.0,17.0,157.0,7.741052631578948,8.473157894736843,0.7321052631578946,0.0
1990-03,76.0,8.0,16.0,160.0,7.8981818181818175,8.588636363636363,0.6904545454545453,0.0
1990-04,78.0,6.0,16.0,162.0,7.773000000000001,8.7855,1.0125,0.0
1990-05,75.0,11.0,14.0,161.0,7.743181818181818,8.758181818181818,1.015,0.0
1990-06,75.0,8.0,17.0,158.0,7.725238095238095,8.48,0.754761904761905,0.0
1990-07,73.0,12.0,15.0,158.0,7.62,8.471428571428572,0.8514285714285714,0.0
1990-08,69.0,9.0,22.0,147.0,7.44695652173913,8.752608695652174,1.3056521739130436,1.0
1990-09,66.0,7.0,27.0,139.0,7.35578947368421,8.893157894736841,1.5373684210526317,1.0
1990-10,58.0,10.0,32.0,126.0,7.165909090909091,8.719545454545456,1.5536363636363637,1.0
1990-11,61.0,5.0,34.0,127.0,7.062,8.392,1.3299999999999998,1.0
1990-12,55.0,9.0,36.0,119.0,6.7395,8.075,1.3355000000000001,1.0
1991-01,53.0,9.0,38.0,115.0,6.222857142857143,8.091904761904763,1.869047619047619,1.0
1991-02,54.0,12.0,34.0,120.0,5.944210526315789,7.854736842105264,1.9105263157894736,1.0
1991-03,63.0,11.0,26.0,137.0,5.904999999999999,8.11,2.205,1.0
1991-04,67.0,7.0,26.0,141.0,5.648181818181818,8.039090909090909,2.390909090909091,0.0
1991-05,61.0,6.0,33.0,128.0,5.460909090909091,8.067727272727273,2.6068181818181815,0.0
1991-06,62.0,9.0,29.0,133.0,5.5729999999999995,8.284,2.711,0.0
1991-07,68.0,9.0,23.0,145.0,5.575,8.272727272727273,2.6977272727272723,0.0
1991-08,63.0,8.0,29.0,134.0,5.333181818181818,7.9,2.566818181818182,0.0
1991-09,65.0,7.0,28.0,137.0,5.215,7.65,2.435,0.0
1991-10,63.0,7.0,30.0,133.0,4.994090909090909,7.527272727272727,2.533181818181818,0.0
1991-11,55.0,9.0,36.0,119.0,4.558947368421053,7.417368421052632,2.858421052631579,0.0
1991-12,53.0,8.0,39.0,114.0,4.0738095238095235,7.088571428571429,3.0147619047619045,0.0
1992-01,55.0,7.0,38.0,117.0,3.804761904761905,7.032380952380953,3.2276190476190476,0.0
1992-02,53.0,8.0,39.0,114.0,3.84421052631579,7.337894736842105,3.4936842105263155,0.0
1992-03,59.0,8.0,33.0,126.0,4.03590909090909,7.542272727272728,3.5063636363636363,0.0
1992-04,61.0,8.0,31.0,130.0,3.7490476190476194,7.480476190476191,3.7314285714285713,0.0
1992-05,66.0,7.0,27.0,139.0,3.633,7.392,3.7590000000000003,0.0
1992-06,70.0,7.0,23.0,147.0,3.6563636363636363,7.261818181818182,3.605454545454545,0.0
1992-07,66.0,6.0,28.0,138.0,3.208181818181818,6.844545454545455,3.6363636363636362,0.0
1992-08,62.0,8.0,30.0,132.0,3.1271428571428572,6.585714285714286,3.458571428571428,0.0
1992-09,59.0,8.0,33.0,126.0,2.9095238095238094,6.415238095238095,3.505714285714286,0.0
1992-10,57.0,9.0,34.0,123.0,2.863809523809524,6.589047619047619,3.7252380952380952,0.0
1992-11,66.0,8.0,26.0,140.0,3.128421052631579,6.873157894736842,3.7447368421052634,0.0
1992-12,67.0,8.0,25.0,142.0,3.216818181818182,6.77,3.553181818181818,0.0
1993-01,69.0,7.0,24.0,145.0,3.001578947368421,6.6000000000000005,3.598421052631579,0.0
1993-02,69.0,10.0,21.0,148.0,2.928421052631579,6.258947368421053,3.3305263157894736,0.0
1993-03,72.0,8.0,20.0,152.0,2.9517391304347824,5.975217391304348,3.023478260869565,0.0
1993-04,72.0,11.0,17.0,155.0,2.8699999999999997,5.9695238095238095,3.09952380952381,0.0
1993-05,71.0,10.0,19.0,152.0,2.9565,6.0355,3.0789999999999997,0.0
1993-06,69.0,9.0,22.0,147.0,3.070909090909091,5.962727272727273,2.8918181818181816,0.0
1993-07,70.0,7.0,23.0,147.0,3.036190476190476,5.805238095238095,2.769047619047619,0.0
1993-08,70.0,10.0,20.0,150.0,3.019090909090909,5.677727272727273,2.6586363636363637,0.0
1993-09,67.0,9.0,24.0,143.0,2.9476190476190474,5.36,2.412380952380952,0.0
1993-10,70.0,11.0,19.0,151.0,3.0175,5.334,2.3165,0.0
1993-11,68.0,11.0,21.0,147.0,3.104,5.724,2.62,0.0
1993-12,72.0,9.0,19.0,153.0,3.0568181818181817,5.774090909090909,2.7172727272727273,0.0
1994-01,78.0,6.0,16.0,162.0,2.9755,5.750500000000001,2.775,0.0
1994-02,80.0,7.0,13.0,167.0,3.2536842105263157,5.9731578947368416,2.7194736842105263,0.0
1994-03,75.0,8.0,17.0,158.0,3.5030434782608695,6.482608695652174,2.9795652173913045,0.0
1994-04,77.0,10.0,13.0,164.0,3.678421052631579,6.972105263157895,3.2936842105263158,0.0
1994-05,78.0,9.0,13.0,165.0,4.144761904761905,7.183333333333333,3.0385714285714287,0.0
1994-06,75.0,10.0,15.0,160.0,4.136818181818182,7.101363636363636,2.9645454545454544,0.0
1994-07,74.0,10.0,16.0,158.0,4.3305,7.298,2.9675000000000002,0.0
1994-08,77.0,11.0,12.0,165.0,4.479130434782609,7.236086956521739,2.7569565217391307,0.0
1994-09,78.0,8.0,14.0,164.0,4.624761904761905,7.457142857142857,2.8323809523809524,0.0
1994-10,77.0,9.0,14.0,163.0,4.9465,7.744,2.7975000000000003,0.0
1994-11,73.0,9.0,18.0,155.0,5.289,7.955,2.666,0.0
1994-12,75.0,8.0,17.0,158.0,5.595714285714286,7.813809523809524,2.218095238095238,0.0
1995-01,82.0,6.0,12.0,170.0,5.7105,7.7795000000000005,2.069,0.0
1995-02,78.0,8.0,14.0,164.0,5.769473684210527,7.469473684210525,1.7000000000000002,0.0
1995-03,78.0,10.0,12.0,166.0,5.728695652173912,7.204782608695653,1.4760869565217392,0.0
1995-04,75.0,9.0,16.0,159.0,5.653684210526316,7.062631578947368,1.4089473684210525,0.0
1995-05,75.0,9.0,16.0,159.0,5.665,6.632727272727274,0.9677272727272727,0.0
1995-06,74.0,11.0,15.0,159.0,5.472272727272728,6.168181818181818,0.6959090909090908,0.0
1995-07,75.0,10.0,15.0,160.0,5.422,6.2780000000000005,0.8559999999999999,0.0
1995-08,78.0,11.0,11.0,167.0,5.397826086956522,6.488260869565217,1.0904347826086958,0.0
1995-09,76.0,8.0,16.0,160.0,5.279,6.1975,0.9184999999999999,0.0
1995-10,73.0,15.0,12.0,161.0,5.2785714285714285,6.044761904761905,0.7661904761904763,0.0
1995-11,72.0,10.0,18.0,154.0,5.356190476190476,5.93047619047619,0.5742857142857142,0.0
1995-12,72.0,9.0,19.0,153.0,5.1435,5.7115,0.568,0.0
1996-01,76.0,7.0,17.0,159.0,4.996666666666667,5.652380952380953,0.6557142857142859,0.0
1996-02,76.0,9.0,15.0,161.0,4.8265,5.8055,0.9790000000000001,0.0
1996-03,76.0,9.0,15.0,161.0,4.962380952380952,6.268571428571428,1.3061904761904761,0.0
1996-04,76.0,10.0,14.0,162.0,4.951818181818182,6.511363636363637,1.5595454545454546,0.0
1996-05,73.0,13.0,14.0,159.0,5.015454545454546,6.736818181818182,1.7213636363636367,0.0
1996-06,72.0,11.0,17.0,155.0,5.093999999999999,6.912000000000001,1.818,0.0
1996-07,77.0,10.0,13.0,164.0,5.150454545454545,6.865454545454545,1.7149999999999999,0.0
1996-08,76.0,9.0,15.0,161.0,5.046818181818182,6.635454545454545,1.5886363636363638,0.0
1996-09,74.0,7.0,19.0,155.0,5.0915,6.832000000000001,1.7405000000000002,0.0
1996-10,77.0,7.0,16.0,161.0,4.98590909090909,6.533636363636364,1.5477272727272726,0.0
1996-11,76.0,6.0,18.0,158.0,5.028421052631579,6.203684210526316,1.1752631578947368,0.0
1996-12,75.0,5.0,20.0,155.0,4.910952380952381,6.302380952380952,1.3914285714285715,0.0
1997-01,76.0,8.0,16.0,160.0,5.0338095238095235,6.579047619047619,1.5452380952380953,0.0
1997-02,78.0,8.0,14.0,164.0,5.00578947368421,6.419473684210526,1.4136842105263157,0.0
1997-03,79.0,8.0,13.0,166.0,5.144,6.6945,1.5505,0.0
1997-04,78.0,11.0,11.0,167.0,5.162272727272728,6.885454545454545,1.723181818181818,0.0
1997-05,82.0,9.0,9.0,173.0,5.048095238095239,6.7109523809523814,1.662857142857143,0.0
1997-06,78.0,12.0,10.0,168.0,4.930952380952381,6.493809523809524,1.562857142857143,0.0
1997-07,77.0,12.0,11.0,166.0,5.052272727272727,6.220454545454545,1.1681818181818182,0.0
1997-08,78.0,11.0,11.0,167.0,5.141904761904762,6.298571428571429,1.1566666666666667,0.0
1997-09,80.0,10.0,10.0,170.0,4.952857142857143,6.208571428571428,1.2557142857142858,0.0
1997-10,73.0,15.0,12.0,161.0,4.972727272727273,6.029545454545455,1.0568181818181819,0.0
1997-11,80.0,9.0,11.0,169.0,5.1433333333333335,5.875,0.7316666666666668,0.0
1997-12,78.0,10.0,12.0,166.0,5.162272727272727,5.808636363636364,0.6463636363636365,0.0
1998-01,79.0,13.0,8.0,171.0,5.037,5.5445,0.5075000000000002,0.0
1998-02,79.0,12.0,9.0,170.0,5.08578947368421,5.574736842105263,0.4889473684210528,0.0
1998-03,76.0,15.0,9.0,167.0,5.031818181818182,5.647272727272727,0.6154545454545454,0.0
1998-04,77.0,15.0,8.0,169.0,4.949523809523809,5.637619047619047,0.6880952380952379,0.0
1998-05,76.0,14.0,10.0,166.0,4.9985,5.6525,0.6539999999999999,0.0
1998-06,76.0,18.0,6.0,170.0,4.975454545454546,5.496363636363636,0.520909090909091,0.0
1998-07,72.0,18.0,10.0,162.0,4.963636363636364,5.461363636363637,0.4977272727272727,0.0
1998-08,73.0,17.0,10.0,163.0,4.902380952380953,5.341904761904762,0.43952380952380954,0.0
1998-09,72.0,20.0,8.0,164.0,4.606190476190476,4.806666666666667,0.20047619047619047,0.0
1998-10,73.0,16.0,11.0,162.0,3.9614285714285713,4.529999999999999,0.5685714285714286,0.0
1998-11,81.0,9.0,10.0,171.0,4.414736842105263,4.827368421052632,0.4126315789473684,0.0
1998-12,79.0,10.0,11.0,168.0,4.390909090909091,4.645,0.25409090909090915,0.0
1999-01,79.0,12.0,9.0,170.0,4.335263157894737,4.722105263157895,0.38684210526315804,0.0
1999-02,76.0,14.0,10.0,166.0,4.438421052631579,4.998947368421053,0.5605263157894738,0.0
1999-03,81.0,10.0,9.0,172.0,4.440869565217391,5.232608695652174,0.7917391304347826,0.0
1999-04,77.0,13.0,10.0,167.0,4.289545454545455,5.184545454545455,0.895,0.0
1999-05,84.0,14.0,2.0,182.0,4.4985,5.539499999999999,1.041,0.0
1999-06,82.0,12.0,6.0,176.0,4.566818181818181,5.899545454545454,1.3327272727272728,0.0
1999-07,80.0,11.0,9.0,171.0,4.55095238095238,5.791904761904762,1.240952380952381,0.0
1999-08,77.0,11.0,12.0,165.0,4.721363636363637,5.9390909090909085,1.2177272727272728,0.0
1999-09,79.0,11.0,10.0,169.0,4.6761904761904765,5.915238095238095,1.239047619047619,0.0
1999-10,77.0,12.0,11.0,166.0,4.861,6.112,1.251,0.0
1999-11,78.0,10.0,12.0,166.0,5.0705,6.034,0.9635,0.0
1999-12,73.0,12.0,15.0,158.0,5.196363636363636,6.275454545454545,1.079090909090909,0.0
2000-01,78.0,13.0,9.0,169.0,5.3185,6.661,1.3425,0.0
2000-02,79.0,14.0,7.0,172.0,5.548,6.519499999999999,0.9715,0.0
2000-03,77.0,11.0,12.0,165.0,5.694782608695652,6.256521739130435,0.5617391304347824,0.0
2000-04,82.0,12.0,6.0,176.0,5.658421052631579,5.990526315789474,0.3321052631578946,0.0
2000-05,81.0,11.0,8.0,173.0,5.790909090909091,6.440454545454545,0.6495454545454545,0.0
2000-06,79.0,12.0,9.0,170.0,5.6863636363636365,6.097272727272728,0.4109090909090909,0.0
2000-07,77.0,13.0,10.0,167.0,5.955,6.054,0.09899999999999984,0.0
2000-08,76.0,14.0,10.0,166.0,6.094347826086956,5.826086956521739,-0.26826086956521733,0.0
2000-09,77.0,13.0,10.0,167.0,5.9975000000000005,5.799,-0.19850000000000004,0.0
2000-10,77.0,12.0,11.0,166.0,6.106666666666667,5.738571428571428,-0.368095238095238,0.0
2000-11,81.0,8.0,11.0,170.0,6.171904761904763,5.717142857142857,-0.4547619047619048,0.0
2000-12,75.0,11.0,14.0,161.0,5.769,5.2405,-0.5285,0.0
2001-01,73.0,11.0,16.0,157.0,5.145714285714286,5.160952380952381,0.015238095238095337,0.0
2001-02,70.0,12.0,18.0,152.0,4.881578947368421,5.098947368421053,0.21736842105263152,0.0
2001-03,68.0,12.0,20.0,148.0,4.424545454545455,4.885454545454546,0.46090909090909093,0.0
2001-04,66.0,11.0,23.0,143.0,3.8725,5.141,1.2685,1.0
2001-05,68.0,16.0,16.0,152.0,3.6204545454545456,5.391363636363637,1.770909090909091,1.0
2001-06,66.0,14.0,20.0,146.0,3.485238095238095,5.284285714285714,1.7990476190476188,1.0
2001-07,61.0,19.0,20.0,141.0,3.513333333333333,5.236190476190477,1.7228571428571429,1.0
2001-08,63.0,18.0,19.0,144.0,3.361739130434782,4.971304347826087,1.6095652173913044,1.0
2001-09,60.0,16.0,24.0,136.0,2.6364705882352943,4.731764705882353,2.0952941176470588,1.0
2001-10,61.0,14.0,25.0,136.0,2.1572727272727272,4.566818181818181,2.4095454545454547,1.0
2001-11,64.0,12.0,24.0,140.0,1.871,4.6515,2.7805,1.0
2001-12,68.0,12.0,20.0,148.0,1.69,5.0875,3.3975,0.0
2002-01,65.0,13.0,22.0,143.0,1.6533333333333333,5.035714285714286,3.3823809523809523,0.0
2002-02,64.0,15.0,21.0,143.0,1.724736842105263,4.911578947368421,3.1868421052631577,0.0
2002-03,65.0,17.0,18.0,147.0,1.7875,5.284000000000001,3.4964999999999997,0.0
2002-04,62.0,20.0,18.0,144.0,1.7136363636363638,5.210909090909091,3.497272727272727,0.0
2002-05,72.0,15.0,13.0,159.0,1.7272727272727273,5.164545454545455,3.4372727272727275,0.0
2002-06,70.0,15.0,15.0,155.0,1.6995,4.9265,3.2270000000000003,0.0
2002-07,67.0,17.0,16.0,151.0,1.6831818181818183,4.653181818181818,2.97,0.0
2002-08,66.0,14.0,20.0,146.0,1.6159090909090907,4.257272727272727,2.641363636363636,0.0
2002-09,66.0,13.0,21.0,145.0,1.629,3.87,2.241,0.0
2002-10,61.0,18.0,21.0,140.0,1.5804545454545456,3.940909090909091,2.3604545454545454,0.0
2002-11,63.0,17.0,20.0,143.0,1.2347368421052631,4.048421052631579,2.813684210526316,0.0
2002-12,64.0,16.0,20.0,144.0,1.1909523809523808,4.032380952380952,2.8414285714285716,0.0
2003-01,66.0,13.0,21.0,145.0,1.169047619047619,4.048571428571428,2.8795238095238096,0.0
2003-02,66.0,13.0,21.0,145.0,1.1652631578947368,3.9026315789473687,2.7373684210526315,0.0
2003-03,61.0,14.0,25.0,136.0,1.130952380952381,3.8071428571428574,2.6761904761904765,0.0
2003-04,62.0,15.0,23.0,139.0,1.1323809523809525,3.958571428571428,2.8261904761904764,0.0
2003-05,65.0,14.0,21.0,144.0,1.068095238095238,3.5690476190476192,2.5009523809523806,0.0
2003-06,64.0,15.0,21.0,143.0,0.9171428571428573,3.334285714285714,2.4171428571428573,0.0
2003-07,72.0,11.0,17.0,155.0,0.9004545454545454,3.975454545454546,3.075,0.0
2003-08,67.0,16.0,17.0,150.0,0.949047619047619,4.4452380952380945,3.4961904761904763,0.0
2003-09,68.0,12.0,20.0,148.0,0.9366666666666665,4.274285714285715,3.337619047619048,0.0
2003-10,68.0,12.0,20.0,148.0,0.9218181818181819,4.290454545454545,3.3686363636363637,0.0
2003-11,74.0,10.0,16.0,158.0,0.9322222222222223,4.300000000000001,3.367777777777778,0.0
2003-12,68.0,10.0,22.0,146.0,0.895909090909091,4.267727272727273,3.371818181818182,0.0
2004-01,78.0,9.0,13.0,165.0,0.883,4.1505,3.2674999999999996,0.0
2004-02,75.0,7.0,18.0,157.0,0.9257894736842105,4.084210526315789,3.158421052631579,0.0
2004-03,76.0,11.0,13.0,163.0,0.9369565217391305,3.826521739130435,2.8895652173913042,0.0
2004-04,75.0,9.0,16.0,159.0,0.9438095238095239,4.347619047619047,3.403809523809524,0.0
2004-05,72.0,12.0,16.0,156.0,1.0234999999999999,4.7155000000000005,3.692,0.0
2004-06,78.0,8.0,14.0,164.0,1.2666666666666668,4.733809523809524,3.467142857142857,0.0
2004-07,73.0,12.0,15.0,158.0,1.3333333333333333,4.498095238095239,3.1647619047619044,0.0
2004-08,72.0,14.0,14.0,158.0,1.479090909090909,4.281363636363636,2.8022727272727272,0.0
2004-09,72.0,11.0,17.0,155.0,1.6528571428571428,4.1257142857142854,2.472857142857143,0.0
2004-10,73.0,12.0,15.0,158.0,1.761,4.0969999999999995,2.336,0.0
2004-11,72.0,14.0,14.0,158.0,2.069,4.194,2.125,0.0
2004-12,77.0,11.0,12.0,165.0,2.1872727272727275,4.2309090909090905,2.0436363636363635,0.0
2005-01,76.0,13.0,11.0,165.0,2.3335,4.221500000000001,1.888,0.0
2005-02,74.0,14.0,12.0,162.0,2.5389473684210526,4.165263157894737,1.6263157894736842,0.0
2005-03,75.0,13.0,12.0,163.0,2.7386363636363638,4.497727272727273,1.7590909090909088,0.0
2005-04,73.0,12.0,15.0,158.0,2.780952380952381,4.3409523809523805,1.5599999999999998,0.0
2005-05,75.0,13.0,12.0,163.0,2.8414285714285716,4.144285714285714,1.302857142857143,0.0
2005-06,80.0,12.0,8.0,172.0,2.972727272727273,3.998181818181818,1.0254545454545454,0.0
2005-07,83.0,6.0,11.0,172.0,3.2155,4.1775,0.9620000000000001,0.0
2005-08,78.0,8.0,14.0,164.0,3.4408695652173913,4.262608695652174,0.8217391304347827,0.0
2005-09,71.0,9.0,20.0,151.0,3.4195238095238096,4.199047619047619,0.7795238095238094,0.0
2005-10,64.0,11.0,25.0,139.0,3.7060000000000004,4.4635,0.7575000000000001,0.0
2005-11,74.0,9.0,17.0,157.0,3.8835,4.535,0.6515000000000001,0.0
2005-12,79.0,6.0,15.0,164.0,3.886190476190476,4.467142857142857,0.5809523809523809,0.0
2006-01,81.0,6.0,13.0,168.0,4.236,4.416,0.18000000000000002,0.0
2006-02,78.0,6.0,16.0,162.0,4.433157894736842,4.568947368421052,0.1357894736842105,0.0
2006-03,79.0,7.0,14.0,165.0,4.512173913043478,4.7239130434782615,0.21173913043478265,0.0
2006-04,79.0,7.0,14.0,165.0,4.603684210526316,4.990526315789474,0.3868421052631579,0.0
2006-05,71.0,5.0,24.0,147.0,4.715454545454545,5.11,0.39454545454545453,0.0
2006-06,76.0,7.0,17.0,159.0,4.791363636363636,5.106363636363636,0.315,0.0
2006-07,74.0,10.0,16.0,158.0,4.9465,5.0875,0.14100000000000007,0.0
2006-08,77.0,6.0,17.0,160.0,4.960434782608695,4.8765217391304345,-0.08391304347826098,0.0
2006-09,71.0,9.0,20.0,151.0,4.8055,4.718999999999999,-0.08649999999999998,0.0
2006-10,76.0,8.0,16.0,160.0,4.917142857142857,4.729047619047619,-0.188095238095238,0.0
2006-11,73.0,10.0,17.0,156.0,4.943333333333333,4.595238095238095,-0.3480952380952382,0.0
2006-12,76.0,9.0,15.0,161.0,4.8475,4.5645,-0.28300000000000003,0.0
2007-01,79.0,8.0,13.0,166.0,4.975238095238096,4.7595238095238095,-0.21571428571428578,0.0
2007-02,75.0,8.0,17.0,158.0,5.026842105263158,4.722631578947369,-0.3042105263157893,0.0
2007-03,73.0,11.0,16.0,157.0,4.9390909090909085,4.5645454545454545,-0.3745454545454546,0.0
2007-04,70.0,12.0,18.0,152.0,4.869047619047619,4.6938095238095245,-0.17523809523809514,0.0
2007-05,76.0,8.0,16.0,160.0,4.732727272727273,4.746363636363636,0.01363636363636375,0.0
2007-06,72.0,10.0,18.0,154.0,4.610952380952381,5.102857142857142,0.491904761904762,0.0
2007-07,74.0,8.0,18.0,156.0,4.821428571428571,5.0042857142857144,0.18285714285714297,0.0
2007-08,71.0,10.0,19.0,152.0,4.201739130434783,4.674782608695652,0.4730434782608695,0.0
2007-09,68.0,8.0,24.0,144.0,3.892105263157895,4.521578947368421,0.6294736842105264,0.0
2007-10,67.0,8.0,25.0,142.0,3.899545454545455,4.527727272727272,0.6281818181818183,0.0
2007-11,64.0,8.0,28.0,136.0,3.2729999999999997,4.1485,0.8755000000000001,0.0
2007-12,65.0,7.0,28.0,137.0,2.9955,4.0975,1.1019999999999999,0.0
2008-01,70.0,6.0,24.0,146.0,2.7533333333333334,3.744285714285714,0.9909523809523809,1.0
2008-02,58.0,7.0,35.0,123.0,2.1245000000000003,3.7375,1.613,1.0
2008-03,58.0,8.0,34.0,124.0,1.2625,3.5100000000000002,2.2475,1.0
2008-04,52.0,8.0,40.0,112.0,1.2936363636363637,3.675,2.3813636363636363,1.0
2008-05,51.0,7.0,42.0,109.0,1.733809523809524,3.8800000000000003,2.146190476190476,1.0
2008-06,49.0,6.0,45.0,104.0,1.856190476190476,4.099523809523809,2.243333333333333,1.0
2008-07,54.0,7.0,39.0,115.0,1.625909090909091,4.007727272727273,2.381818181818182,1.0
2008-08,51.0,8.0,41.0,110.0,1.7219047619047618,3.8857142857142852,2.163809523809524,1.0
2008-09,51.0,5.0,44.0,107.0,1.1342857142857143,3.6861904761904762,2.551904761904762,1.0
2008-10,41.0,7.0,52.0,89.0,0.6745454545454546,3.814090909090909,3.139545454545454,1.0
2008-11,42.0,4.0,54.0,88.0,0.19111111111111112,3.526666666666667,3.3355555555555556,1.0
2008-12,56.0,4.0,40.0,116.0,0.034545454545454546,2.4163636363636365,2.381818181818182,1.0
2009-01,48.0,5.0,47.0,101.0,0.13,2.5175,2.3875,1.0
2009-02,48.0,7.0,45.0,103.0,0.29578947368421055,2.87,2.5742105263157895,1.0
2009-03,45.0,8.0,47.0,98.0,0.21363636363636365,2.819545454545455,2.605909090909091,1.0
2009-04,49.0,7.0,44.0,105.0,0.15809523809523812,2.927142857142857,2.769047619047619,1.0
2009-05,54.0,5.0,41.0,113.0,0.176,3.293,3.117,1.0
2009-06,58.0,5.0,37.0,121.0,0.17681818181818182,3.7218181818181817,3.545,1.0
2009-07,52.0,7.0,41.0,111.0,0.18363636363636363,3.5622727272727275,3.3786363636363634,0.0
2009-08,53.0,7.0,40.0,113.0,0.17142857142857143,3.587142857142857,3.415714285714286,0.0
2009-09,58.0,4.0,38.0,120.0,0.12333333333333335,3.401904761904762,3.2785714285714285,0.0
2009-10,57.0,6.0,37.0,120.0,0.07428571428571429,3.3876190476190478,3.3133333333333335,0.0
2009-11,55.0,4.0,41.0,114.0,0.05210526315789474,3.4026315789473687,3.350526315789474,0.0
2009-12,62.0,4.0,34.0,128.0,0.05454545454545454,3.5900000000000003,3.5354545454545456,0.0
2010-01,63.0,7.0,30.0,133.0,0.061578947368421046,3.7331578947368427,3.6715789473684213,0.0
2010-02,65.0,6.0,29.0,136.0,0.10894736842105263,3.691052631578947,3.582105263157895,0.0
2010-03,66.0,4.0,30.0,136.0,0.15043478260869564,3.7273913043478264,3.57695652173913,0.0
2010-04,64.0,4.0,32.0,132.0,0.1622727272727273,3.8468181818181817,3.6845454545454546,0.0
2010-05,63.0,6.0,31.0,132.0,0.16,3.4200000000000004,3.2600000000000002,0.0
2010-06,67.0,5.0,28.0,139.0,0.12363636363636364,3.2040909090909087,3.080454545454545,0.0
2010-07,58.0,7.0,35.0,123.0,0.15761904761904763,3.0114285714285716,2.853809523809524,0.0
2010-08,58.0,4.0,38.0,120.0,0.155,2.6986363636363637,2.5436363636363635,0.0
2010-09,57.0,9.0,34.0,123.0,0.1519047619047619,2.6476190476190475,2.4957142857142856,0.0
2010-10,55.0,9.0,36.0,119.0,0.1345,2.54,2.4055,0.0
2010-11,63.0,5.0,32.0,131.0,0.143,2.763,2.62,0.0
2010-12,67.0,6.0,27.0,140.0,0.1409090909090909,3.290909090909091,3.15,0.0
2011-01,59.0,8.0,33.0,126.0,0.152,3.3939999999999997,3.242,0.0
2011-02,63.0,7.0,30.0,133.0,0.13210526315789473,3.5763157894736843,3.444210526315789,0.0
2011-03,62.0,9.0,29.0,133.0,0.10043478260869565,3.4143478260869564,3.313913043478261,0.0
2011-04,64.0,5.0,31.0,133.0,0.058499999999999996,3.4549999999999996,3.3965000000000005,0.0
2011-05,61.0,6.0,33.0,128.0,0.04095238095238095,3.168571428571429,3.127619047619048,0.0
2011-06,60.0,8.0,32.0,128.0,0.03727272727272728,3.002272727272727,2.9650000000000003,0.0
2011-07,55.0,7.0,38.0,117.0,0.0375,3.003,2.9655,0.0
2011-08,51.0,6.0,43.0,108.0,0.024347826086956525,2.3030434782608693,2.278695652173913,0.0
2011-09,54.0,9.0,37.0,117.0,0.013809523809523811,1.975238095238095,1.9614285714285713,0.0
2011-10,55.0,5.0,40.0,115.0,0.019,2.152,2.133,0.0
2011-11,55.0,10.0,35.0,120.0,0.014000000000000002,2.0134999999999996,1.9995,0.0
2011-12,61.0,6.0,33.0,128.0,0.01142857142857143,1.9780952380952381,1.9666666666666666,0.0
2012-01,60.0,10.0,30.0,130.0,0.0345,1.9665,1.932,0.0
2012-02,61.0,6.0,33.0,128.0,0.092,1.9675,1.8755,0.0
2012-03,59.0,7.0,34.0,125.0,0.08409090909090909,2.1727272727272724,2.088636363636364,0.0
2012-04,60.0,6.0,34.0,126.0,0.0838095238095238,2.052857142857143,1.9690476190476187,0.0
2012-05,63.0,6.0,31.0,132.0,0.08954545454545454,1.8031818181818182,1.7136363636363634,0.0
2012-06,56.0,13.0,31.0,125.0,0.09142857142857143,1.6223809523809525,1.5309523809523808,0.0
2012-07,60.0,10.0,30.0,130.0,0.09714285714285714,1.5266666666666668,1.4295238095238094,0.0
2012-08,66.0,7.0,27.0,139.0,0.10260869565217391,1.6782608695652175,1.5756521739130434,0.0
2012-09,63.0,6.0,31.0,132.0,0.10526315789473684,1.7231578947368422,1.6178947368421053,0.0
2012-10,61.0,6.0,33.0,128.0,0.10476190476190476,1.7461904761904763,1.6414285714285715,0.0
2012-11,64.0,9.0,27.0,137.0,0.0935,1.654,1.5604999999999998,0.0
2012-12,63.0,8.0,29.0,134.0,0.06999999999999999,1.719,1.6489999999999998,0.0
2013-01,65.0,5.0,30.0,135.0,0.07428571428571429,1.9147619047619049,1.8404761904761904,0.0
2013-02,67.0,6.0,27.0,140.0,0.09894736842105263,1.9842105263157896,1.8852631578947368,0.0
2013-03,68.0,4.0,28.0,140.0,0.087,1.9575,1.8704999999999998,0.0
2013-04,64.0,9.0,27.0,137.0,0.060000000000000005,1.7590909090909093,1.699090909090909,0.0
2013-05,70.0,7.0,23.0,147.0,0.04409090909090909,1.9281818181818182,1.8840909090909088,0.0
2013-06,67.0,9.0,24.0,143.0,0.0505,2.3,2.2495000000000003,0.0
2013-07,72.0,5.0,23.0,149.0,0.035454545454545454,2.5822727272727275,2.546818181818182,0.0
2013-08,67.0,10.0,23.0,144.0,0.04363636363636363,2.7372727272727273,2.6936363636363634,0.0
2013-09,67.0,9.0,24.0,143.0,0.016,2.8095,2.7935,0.0
2013-10,64.0,8.0,28.0,136.0,0.04727272727272727,2.6159090909090907,2.5686363636363634,0.0
2013-11,64.0,8.0,28.0,136.0,0.06789473684210527,2.718421052631579,2.650526315789474,0.0
2013-12,74.0,8.0,18.0,156.0,0.06666666666666668,2.901904761904762,2.8352380952380956,0.0
2014-01,70.0,7.0,23.0,147.0,0.043333333333333335,2.858095238095238,2.814761904761905,0.0
2014-02,70.0,8.0,22.0,148.0,0.05263157894736842,2.709473684210526,2.656842105263158,0.0
2014-03,70.0,8.0,22.0,148.0,0.05238095238095238,2.723333333333333,2.670952380952381,0.0
2014-04,69.0,8.0,23.0,146.0,0.030952380952380953,2.705238095238095,2.6742857142857144,0.0
2014-05,65.0,11.0,24.0,141.0,0.03238095238095238,2.559047619047619,2.526666666666667,0.0
2014-06,66.0,9.0,25.0,141.0,0.03571428571428571,2.5985714285714288,2.5628571428571427,0.0
2014-07,69.0,8.0,23.0,146.0,0.026363636363636363,2.5422727272727275,2.515909090909091,0.0
2014-08,69.0,7.0,24.0,145.0,0.032857142857142856,2.42,2.3871428571428575,0.0
2014-09,70.0,8.0,22.0,148.0,0.02,2.5342857142857143,2.5142857142857147,0.0
2014-10,68.0,11.0,21.0,147.0,0.01681818181818182,2.304090909090909,2.287272727272727,0.0
2014-11,75.0,8.0,17.0,158.0,0.021666666666666667,2.3255555555555554,2.303888888888889,0.0
2014-12,76.0,6.0,18.0,158.0,0.02909090909090909,2.2072727272727275,2.178181818181818,0.0
2015-01,79.0,4.0,17.0,162.0,0.027500000000000004,1.8815000000000002,1.8539999999999999,0.0
2015-02,75.0,6.0,19.0,156.0,0.017894736842105265,1.9752631578947368,1.9573684210526314,0.0
2015-03,75.0,5.0,20.0,155.0,0.027727272727272725,2.0427272727272725,2.015,0.0
2015-04,77.0,4.0,19.0,158.0,0.023181818181818182,1.935,1.9118181818181819,0.0
2015-05,72.0,6.0,22.0,150.0,0.0165,2.1975000000000002,2.181,0.0
2015-06,78.0,7.0,15.0,163.0,0.015000000000000001,2.3636363636363638,2.3486363636363636,0.0
2015-07,77.0,7.0,16.0,161.0,0.03227272727272727,2.3245454545454547,2.2922727272727275,0.0
2015-08,72.0,8.0,20.0,152.0,0.0719047619047619,2.1671428571428573,2.0952380952380953,0.0
2015-09,72.0,7.0,21.0,151.0,0.022380952380952383,2.172857142857143,2.1504761904761907,0.0
2015-10,74.0,6.0,20.0,154.0,0.015238095238095238,2.07,2.0547619047619046,0.0
2015-11,76.0,8.0,16.0,160.0,0.12473684210526316,2.263157894736842,2.1384210526315792,0.0
2015-12,81.0,5.0,14.0,167.0,0.22772727272727272,2.2427272727272727,2.015,0.0
2016-01,81.0,4.0,15.0,166.0,0.2552631578947368,2.0852631578947367,1.8299999999999998,0.0
2016-02,77.0,5.0,18.0,159.0,0.3125,1.7795,1.467,0.0
2016-03,73.0,9.0,18.0,155.0,0.29409090909090907,1.8890909090909092,1.5949999999999998,0.0
2016-04,75.0,8.0,17.0,158.0,0.2280952380952381,1.805238095238095,1.577142857142857,0.0
2016-05,78.0,6.0,16.0,162.0,0.2742857142857143,1.8061904761904761,1.5319047619047619,0.0
2016-06,79.0,6.0,15.0,164.0,0.2695454545454546,1.6440909090909093,1.3745454545454545,0.0
2016-07,78.0,6.0,16.0,162.0,0.2975,1.504,1.2065,0.0
2016-08,77.0,5.0,18.0,159.0,0.29739130434782607,1.556521739130435,1.2591304347826087,0.0
2016-09,76.0,6.0,18.0,158.0,0.2919047619047619,1.6304761904761906,1.3385714285714285,0.0
2016-10,76.0,5.0,19.0,157.0,0.3265,1.7645,1.438,0.0
2016-11,78.0,6.0,16.0,162.0,0.446,2.1420000000000003,1.6960000000000002,0.0
2016-12,79.0,6.0,15.0,164.0,0.5052380952380953,2.491904761904762,1.9866666666666666,0.0
2017-01,80.0,5.0,15.0,165.0,0.5115000000000001,2.4325,1.921,0.0
2017-02,77.0,7.0,16.0,161.0,0.5210526315789474,2.4189473684210525,1.8978947368421053,0.0
2017-03,78.0,6.0,16.0,162.0,0.7373913043478261,2.4817391304347827,1.7443478260869565,0.0
2017-04,80.0,6.0,14.0,166.0,0.7984210526315789,2.2973684210526315,1.4989473684210526,0.0
2017-05,79.0,6.0,15.0,164.0,0.889090909090909,2.3036363636363637,1.4145454545454546,0.0
2017-06,76.0,9.0,15.0,161.0,0.9827272727272728,2.186818181818182,1.204090909090909,0.0
2017-07,78.0,7.0,15.0,163.0,1.067,2.318,1.251,0.0
2017-08,76.0,6.0,18.0,158.0,1.0143478260869565,2.2091304347826086,1.1947826086956521,0.0
2017-09,78.0,6.0,16.0,162.0,1.0295,2.202,1.1724999999999999,0.0
2017-10,81.0,6.0,13.0,168.0,1.0747619047619048,2.3600000000000003,1.285238095238095,0.0
2017-11,81.0,6.0,13.0,168.0,1.2295238095238095,2.3533333333333335,1.1238095238095238,0.0
2017-12,82.0,4.0,14.0,168.0,1.322,2.4025,1.0805,0.0
2018-01,77.0,6.0,17.0,160.0,1.4133333333333333,2.583809523809524,1.1704761904761907,0.0
2018-02,81.0,4.0,15.0,166.0,1.5678947368421052,2.8589473684210525,1.2910526315789472,0.0
2018-03,84.0,5.0,11.0,173.0,1.6966666666666668,2.8423809523809522,1.145714285714286,0.0
2018-04,79.0,7.0,14.0,165.0,1.7576190476190474,2.869047619047619,1.1114285714285714,0.0
2018-05,77.0,6.0,17.0,160.0,1.864090909090909,2.977727272727273,1.1136363636363635,0.0
2018-06,80.0,6.0,14.0,166.0,1.8990476190476189,2.9123809523809525,1.0133333333333334,0.0
2018-07,79.0,6.0,15.0,164.0,1.9571428571428573,2.889047619047619,0.9319047619047619,0.0
2018-08,74.0,6.0,20.0,154.0,2.033913043478261,2.889130434782609,0.8552173913043479,0.0
2018-09,78.0,8.0,14.0,164.0,2.126315789473684,3.004210526315789,0.8778947368421053,0.0
2018-10,78.0,7.0,15.0,163.0,2.249090909090909,3.152272727272727,0.9031818181818182,0.0
2018-11,77.0,7.0,16.0,161.0,2.3265000000000002,3.117,0.7905000000000001,0.0
2018-12,82.0,5.0,13.0,169.0,2.365789473684211,2.8326315789473684,0.46684210526315795,0.0
2019-01,74.0,7.0,19.0,155.0,2.374285714285714,2.713809523809524,0.3395238095238096,0.0
2019-02,76.0,6.0,18.0,158.0,2.3884210526315792,2.6763157894736844,0.2878947368421053,0.0
2019-03,74.0,8.0,18.0,156.0,2.4023809523809527,2.570952380952381,0.16857142857142854,0.0
2019-04,75.0,9.0,16.0,159.0,2.382857142857143,2.532380952380952,0.14952380952380942,0.0
2019-05,72.0,7.0,21.0,151.0,2.3527272727272726,2.395,0.04227272727272738,0.0
2019-06,78.0,4.0,18.0,160.0,2.1704999999999997,2.074,-0.09650000000000003,0.0
2019-07,75.0,6.0,19.0,156.0,2.0986363636363636,2.059090909090909,-0.03954545454545459,0.0
2019-08,70.0,6.0,24.0,146.0,1.9495454545454545,1.6263636363636365,-0.3231818181818181,0.0
2019-09,70.0,10.0,20.0,150.0,1.8945,1.6995,-0.19499999999999998,0.0
2019-10,77.0,6.0,17.0,160.0,1.6468181818181817,1.7068181818181818,0.06000000000000005,0.0
2019-11,75.0,6.0,19.0,156.0,1.5421052631578949,1.8121052631578947,0.26999999999999996,0.0
2019-12,80.0,4.0,16.0,164.0,1.5352380952380953,1.8628571428571428,0.3276190476190476,0.0
2020-01,79.0,5.0,16.0,163.0,1.5223809523809524,1.7576190476190479,0.23523809523809525,0.0
2020-02,75.0,7.0,18.0,157.0,1.5152631578947369,1.5042105263157897,-0.011052631578947366,0.0
2020-03,68.0,5.0,27.0,141.0,0.2863636363636364,0.87,0.5836363636363636,1.0
2020-04,41.0,4.0,55.0,86.0,0.1380952380952381,0.6576190476190477,0.5195238095238095,1.0
2020-05,51.0,3.0,46.0,105.0,0.1275,0.674,0.5465,0.0
2020-06,55.0,5.0,40.0,115.0,0.15954545454545455,0.7286363636363636,0.5690909090909091,0.0
2020-07,51.0,4.0,45.0,106.0,0.12681818181818183,0.6236363636363637,0.4968181818181818,0.0
2020-08,51.0,4.0,45.0,106.0,0.10428571428571429,0.65,0.5457142857142857,0.0
2020-09,54.0,6.0,40.0,114.0,0.10857142857142857,0.6795238095238095,0.570952380952381,0.0
2020-10,51.0,7.0,42.0,109.0,0.10047619047619047,0.7871428571428571,0.6866666666666666,0.0
2020-11,54.0,6.0,40.0,114.0,0.09105263157894737,0.8700000000000001,0.7789473684210527,0.0
2020-12,57.0,5.0,38.0,119.0,0.08727272727272727,0.9336363636363636,0.8463636363636364,0.0
2021-01,55.0,5.0,40.0,115.0,0.08368421052631579,1.0810526315789473,0.9973684210526316,0.0
2021-02,54.0,5.0,41.0,113.0,0.04263157894736842,1.2578947368421052,1.2152631578947368,0.0
2021-03,61.0,6.0,33.0,128.0,0.03130434782608695,1.6108695652173912,1.5795652173913042,0.0
2021-04,59.0,8.0,33.0,126.0,0.02090909090909091,1.635,1.614090909090909,0.0
2021-05,53.0,5.0,42.0,111.0,0.018,1.621,1.6030000000000002,0.0
2021-06,53.0,6.0,41.0,112.0,0.03590909090909091,1.5190909090909093,1.4831818181818184,0.0
2021-07,47.0,8.0,45.0,102.0,0.05238095238095238,1.3185714285714287,1.266190476190476,0.0
2021-08,45.0,4.0,51.0,94.0,0.05454545454545454,1.2831818181818182,1.2286363636363637,0.0
2021-09,41.0,8.0,51.0,90.0,0.0419047619047619,1.3747619047619049,1.3328571428571427,0.0
2021-10,40.0,5.0,55.0,85.0,0.052000000000000005,1.5825,1.5305,0.0
2021-11,37.0,5.0,58.0,79.0,0.051500000000000004,1.5595,1.508,0.0
2021-12,39.0,4.0,57.0,82.0,0.060000000000000005,1.4649999999999999,1.4049999999999998,0.0
2022-01,37.0,5.0,58.0,79.0,0.14950000000000002,1.764,1.6145,0.0
2022-02,37.0,4.0,59.0,78.0,0.3257894736842106,1.9342105263157894,1.608421052631579,0.0
2022-03,,,,,0.44347826086956527,2.1278260869565218,1.6843478260869567,0.0
